time_s,ecg_mv
0.000,0.0005
0.004,-0.0078
0.008,-0.0256
0.012,-0.0074
0.016,-0.0159
0.020,0.0086
0.024,0.0252
0.028,0.0245
0.032,-0.0044
0.036,-0.0028
0.040,0.0114
0.044,0.0162
0.048,-0.0013
0.052,0.0024
0.056,0.0309
0.060,0.0034
0.064,-0.0008
0.068,0.0068
0.072,0.0126
0.076,-0.0063
0.080,0.0033
0.084,-0.0074
0.088,0.0036
0.092,0.0297
0.096,0.0164
0.100,0.0067
0.104,-0.0031
0.108,0.0047
0.112,0.0214
0.116,0.0023
0.120,0.0268
0.124,-0.0067
0.128,0.0066
0.132,0.0315
0.136,-0.0131
0.140,0.0259
0.144,-0.0098
0.148,0.0123
0.152,0.0127
0.156,0.0266
0.160,-0.0187
0.164,-0.0005
0.168,0.0200
0.172,0.0328
0.176,0.0284
0.180,0.0447
0.184,0.0426
0.188,0.0626
0.192,0.0688
0.196,0.0938
0.200,0.1096
0.204,0.1307
0.208,0.1151
0.212,0.1265
0.216,0.1357
0.220,0.1334
0.224,0.1351
0.228,0.1128
0.232,0.1292
0.236,0.1049
0.240,0.0941
0.244,0.0753
0.248,0.0970
0.252,0.0705
0.256,0.0759
0.260,0.0565
0.264,0.0252
0.268,0.0264
0.272,0.0436
0.276,0.0216
0.280,0.0149
0.284,0.0240
0.288,0.0227
0.292,0.0119
0.296,0.0197
0.300,0.0177
0.304,-0.0077
0.308,0.0295
0.312,0.0139
0.316,0.0395
0.320,0.0103
0.324,0.0054
0.328,0.0387
0.332,0.0053
0.336,0.0155
0.340,0.0265
0.344,0.0064
0.348,-0.0268
0.352,-0.0312
0.356,-0.0678
0.360,-0.0769
0.364,-0.0924
0.368,-0.0372
0.372,-0.0262
0.376,0.1068
0.380,0.2566
0.384,0.4919
0.388,0.7259
0.392,0.9545
0.396,1.1044
0.400,1.1641
0.404,1.0778
0.408,0.9374
0.412,0.6682
0.416,0.3888
0.420,0.1632
0.424,-0.0199
0.428,-0.1274
0.432,-0.2011
0.436,-0.1795
0.440,-0.1266
0.444,-0.0733
0.448,-0.0211
0.452,-0.0129
0.456,0.0195
0.460,0.0540
0.464,0.0403
0.468,0.0444
0.472,0.0348
0.476,0.0451
0.480,0.0584
0.484,0.0391
0.488,0.0537
0.492,0.0300
0.496,0.0494
0.500,0.0553
0.504,0.0381
0.508,0.0634
0.512,0.0459
0.516,0.0487
0.520,0.0635
0.524,0.0927
0.528,0.0802
0.532,0.0956
0.536,0.0846
0.540,0.1043
0.544,0.1005
0.548,0.1200
0.552,0.1503
0.556,0.1543
0.560,0.1875
0.564,0.1838
0.568,0.2007
0.572,0.2356
0.576,0.2299
0.580,0.2368
0.584,0.2877
0.588,0.2934
0.592,0.2778
0.596,0.3184
0.600,0.3255
0.604,0.3620
0.608,0.3409
0.612,0.3490
0.616,0.3490
0.620,0.3487
0.624,0.3519
0.628,0.3395
0.632,0.3383
0.636,0.3232
0.640,0.3142
0.644,0.3012
0.648,0.3000
0.652,0.2830
0.656,0.2605
0.660,0.2643
0.664,0.2410
0.668,0.2193
0.672,0.2021
0.676,0.2103
0.680,0.1782
0.684,0.1661
0.688,0.1152
0.692,0.1254
0.696,0.0952
0.700,0.1053
0.704,0.1052
0.708,0.0840
0.712,0.0908
0.716,0.0657
0.720,0.0792
0.724,0.0489
0.728,0.0603
0.732,0.0651
0.736,0.0637
0.740,0.0535
0.744,0.0765
0.748,0.0468
0.752,0.0452
0.756,0.0166
0.760,0.0702
0.764,0.0441
0.768,0.0340
0.772,0.0637
0.776,0.0625
0.780,0.0489
0.784,0.0303
0.788,0.0526
0.792,0.0401
0.796,0.0336
0.800,0.0602
0.804,0.0221
0.808,0.0546
0.812,0.0534
0.816,0.0726
0.820,0.0519
0.824,0.0234
0.828,0.0382
0.832,0.0490
0.836,0.0526
0.840,0.0602
0.844,0.0250
0.848,0.0446
0.852,0.0603
0.856,0.0673
0.860,0.0711
0.864,0.0442
0.868,0.0621
0.872,0.0695
0.876,0.0634
0.880,0.0578
0.884,0.0591
0.888,0.0398
0.892,0.0319
0.896,0.0611
0.900,0.0452
0.904,0.0491
0.908,0.0426
0.912,0.0449
0.916,0.0525
0.920,0.0376
0.924,0.0508
0.928,0.0533
0.932,0.0499
0.936,0.0426
0.940,0.0619
0.944,0.0765
0.948,0.0489
0.952,0.0738
0.956,0.0735
0.960,0.0359
0.964,0.0649
0.968,0.0740
0.972,0.1000
0.976,0.1030
0.980,0.1175
0.984,0.1310
0.988,0.1241
0.992,0.1368
0.996,0.1406
1.000,0.1608
1.004,0.1664
1.008,0.1720
1.012,0.1603
1.016,0.1760
1.020,0.1695
1.024,0.1682
1.028,0.1478
1.032,0.1301
1.036,0.1243
1.040,0.1122
1.044,0.0865
1.048,0.1004
1.052,0.0974
1.056,0.0937
1.060,0.0649
1.064,0.0641
1.068,0.0620
1.072,0.0546
1.076,0.0603
1.080,0.0502
1.084,0.0485
1.088,0.0714
1.092,0.0519
1.096,0.0505
1.100,0.0601
1.104,0.0512
1.108,0.0528
1.112,0.0485
1.116,0.0344
1.120,0.0483
1.124,0.0338
1.128,0.0465
1.132,0.0217
1.136,0.0311
1.140,0.0039
1.144,-0.0336
1.148,-0.0674
1.152,-0.0737
1.156,-0.0841
1.160,-0.0153
1.164,0.0998
1.168,0.2581
1.172,0.4531
1.176,0.6761
1.180,0.9244
1.184,1.1015
1.188,1.1772
1.192,1.1481
1.196,0.9756
1.200,0.7467
1.204,0.4687
1.208,0.2206
1.212,0.0214
1.216,-0.1173
1.220,-0.1736
1.224,-0.1785
1.228,-0.0890
1.232,-0.0858
1.236,-0.0287
1.240,0.0037
1.244,0.0254
1.248,0.0324
1.252,0.0218
1.256,0.0342
1.260,0.0303
1.264,0.0460
1.268,0.0398
1.272,0.0404
1.276,0.0521
1.280,0.0436
1.284,0.0631
1.288,0.0491
1.292,0.0586
1.296,0.0426
1.300,0.0697
1.304,0.0608
1.308,0.0752
1.312,0.0797
1.316,0.0801
1.320,0.0921
1.324,0.0933
1.328,0.1235
1.332,0.1292
1.336,0.1355
1.340,0.1284
1.344,0.1432
1.348,0.1633
1.352,0.1840
1.356,0.2086
1.360,0.2093
1.364,0.2512
1.368,0.2541
1.372,0.2467
1.376,0.2812
1.380,0.2711
1.384,0.3071
1.388,0.3220
1.392,0.3320
1.396,0.3441
1.400,0.3497
1.404,0.3513
1.408,0.3781
1.412,0.3737
1.416,0.3419
1.420,0.3648
1.424,0.3221
1.428,0.3215
1.432,0.3373
1.436,0.2784
1.440,0.2970
1.444,0.2589
1.448,0.2553
1.452,0.2375
1.456,0.2426
1.460,0.1952
1.464,0.1872
1.468,0.1792
1.472,0.1531
1.476,0.1317
1.480,0.1272
1.484,0.1165
1.488,0.1146
1.492,0.0824
1.496,0.0791
1.500,0.0802
1.504,0.0672
1.508,0.0608
1.512,0.0575
1.516,0.0448
1.520,0.0397
1.524,0.0514
1.528,0.0302
1.532,0.0551
1.536,0.0418
1.540,0.0223
1.544,0.0397
1.548,0.0373
1.552,0.0435
1.556,0.0475
1.560,0.0286
1.564,0.0240
1.568,0.0247
1.572,0.0198
1.576,0.0223
1.580,0.0343
1.584,0.0307
1.588,0.0244
1.592,0.0211
1.596,0.0339
1.600,0.0234
1.604,0.0167
1.608,0.0271
1.612,0.0255
1.616,0.0155
1.620,0.0380
1.624,0.0380
1.628,0.0281
1.632,0.0289
1.636,0.0334
1.640,0.0264
1.644,0.0372
1.648,0.0461
1.652,0.0270
1.656,0.0310
1.660,0.0359
1.664,0.0211
1.668,0.0114
1.672,0.0355
1.676,0.0055
1.680,0.0456
1.684,0.0343
1.688,0.0258
1.692,0.0239
1.696,0.0440
1.700,0.0113
1.704,0.0085
1.708,0.0150
1.712,0.0187
1.716,0.0095
1.720,0.0231
1.724,0.0226
1.728,0.0110
1.732,0.0397
1.736,0.0034
1.740,0.0045
1.744,0.0241
1.748,0.0168
1.752,0.0240
1.756,0.0113
1.760,0.0060
1.764,0.0104
1.768,0.0096
1.772,0.0238
1.776,0.0115
1.780,0.0261
1.784,0.0237
1.788,0.0288
1.792,0.0269
1.796,0.0252
1.800,0.0247
1.804,0.0090
1.808,0.0117
1.812,-0.0074
1.816,0.0178
1.820,0.0059
1.824,0.0185
1.828,0.0198
1.832,-0.0030
1.836,0.0009
1.840,0.0088
1.844,0.0069
1.848,0.0154
1.852,0.0001
1.856,0.0155
1.860,-0.0038
1.864,-0.0070
1.868,0.0306
1.872,0.0107
1.876,0.0252
1.880,0.0218
1.884,0.0302
1.888,0.0518
1.892,0.0622
1.896,0.0901
1.900,0.0950
1.904,0.0973
1.908,0.1191
1.912,0.1313
1.916,0.1282
1.920,0.1210
1.924,0.1378
1.928,0.1433
1.932,0.1238
1.936,0.1286
1.940,0.1081
1.944,0.0957
1.948,0.0606
1.952,0.0485
1.956,0.0502
1.960,0.0207
1.964,0.0248
1.968,0.0348
1.972,0.0103
1.976,0.0198
1.980,-0.0066
1.984,0.0008
1.988,0.0169
1.992,0.0055
1.996,0.0053
2.000,0.0214
2.004,0.0158
2.008,-0.0108
2.012,0.0151
2.016,-0.0085
2.020,-0.0017
2.024,-0.0017
2.028,0.0106
2.032,-0.0164
2.036,0.0014
2.040,-0.0006
2.044,-0.0039
2.048,-0.0297
2.052,-0.0380
2.056,-0.0895
2.060,-0.0987
2.064,-0.1272
2.068,-0.1400
2.072,-0.0720
2.076,0.0158
2.080,0.1479
2.084,0.3305
2.088,0.5634
2.092,0.7878
2.096,1.0289
2.100,1.1101
2.104,1.1062
2.108,0.9919
2.112,0.7561
2.116,0.4878
2.120,0.2379
2.124,0.0041
2.128,-0.1495
2.132,-0.2007
2.136,-0.2139
2.140,-0.1979
2.144,-0.1603
2.148,-0.0813
2.152,-0.0515
2.156,-0.0509
2.160,-0.0121
2.164,-0.0329
2.168,-0.0191
2.172,-0.0259
2.176,-0.0197
2.180,-0.0217
2.184,-0.0187
2.188,-0.0020
2.192,-0.0064
2.196,-0.0012
2.200,0.0058
2.204,-0.0099
2.208,-0.0021
2.212,0.0063
2.216,0.0239
2.220,0.0185
2.224,0.0294
2.228,0.0310
2.232,0.0384
2.236,0.0122
2.240,0.0533
2.244,0.0554
2.248,0.0648
2.252,0.0702
2.256,0.0849
2.260,0.1094
2.264,0.1298
2.268,0.1178
2.272,0.1550
2.276,0.1625
2.280,0.1748
2.284,0.2076
2.288,0.2152
2.292,0.2266
2.296,0.2395
2.300,0.2650
2.304,0.2726
2.308,0.2688
2.312,0.2787
2.316,0.2913
2.320,0.3005
2.324,0.2827
2.328,0.2983
2.332,0.2772
2.336,0.3122
2.340,0.2584
2.344,0.2484
2.348,0.2468
2.352,0.2187
2.356,0.2235
2.360,0.2184
2.364,0.1748
2.368,0.1641
2.372,0.1384
2.376,0.1275
2.380,0.1281
2.384,0.1058
2.388,0.0693
2.392,0.0848
2.396,0.0673
2.400,0.0474
2.404,0.0230
2.408,0.0222
2.412,0.0034
2.416,0.0111
2.420,-0.0047
2.424,-0.0333
2.428,-0.0002
2.432,-0.0131
2.436,-0.0058
2.440,-0.0233
2.444,-0.0218
2.448,-0.0127
2.452,-0.0230
2.456,-0.0256
2.460,0.0084
2.464,-0.0331
2.468,-0.0299
2.472,-0.0117
2.476,-0.0427
2.480,-0.0461
2.484,-0.0512
2.488,-0.0279
2.492,-0.0271
2.496,-0.0261
2.500,-0.0515
2.504,-0.0234
2.508,-0.0214
2.512,-0.0371
2.516,-0.0358
2.520,-0.0283
2.524,-0.0322
2.528,-0.0292
2.532,-0.0501
2.536,-0.0394
2.540,-0.0521
2.544,-0.0301
2.548,-0.0316
2.552,-0.0393
2.556,-0.0348
2.560,-0.0572
2.564,-0.0284
2.568,-0.0445
2.572,-0.0376
2.576,-0.0259
2.580,-0.0486
2.584,-0.0253
2.588,-0.0384
2.592,-0.0397
2.596,-0.0336
2.600,-0.0554
2.604,-0.0335
2.608,-0.0401
2.612,-0.0285
2.616,-0.0437
2.620,-0.0457
2.624,-0.0370
2.628,-0.0422
2.632,-0.0556
2.636,-0.0438
2.640,-0.0260
2.644,-0.0419
2.648,-0.0504
2.652,-0.0301
2.656,-0.0591
2.660,-0.0597
2.664,-0.0308
2.668,-0.0239
2.672,-0.0175
2.676,-0.0235
2.680,-0.0060
2.684,-0.0111
2.688,0.0192
2.692,0.0085
2.696,0.0375
2.700,0.0533
2.704,0.0386
2.708,0.0610
2.712,0.0819
2.716,0.0933
2.720,0.0560
2.724,0.0744
2.728,0.0490
2.732,0.0390
2.736,0.0639
2.740,0.0413
2.744,0.0119
2.748,0.0127
2.752,0.0070
2.756,-0.0082
2.760,0.0082
2.764,-0.0185
2.768,-0.0674
2.772,-0.0394
2.776,-0.0482
2.780,-0.0444
2.784,-0.0436
2.788,-0.0529
2.792,-0.0590
2.796,-0.0303
2.800,-0.0399
2.804,-0.0554
2.808,-0.0394
2.812,-0.0396
2.816,-0.0327
2.820,-0.0607
2.824,-0.0388
2.828,-0.0559
2.832,-0.0359
2.836,-0.0552
2.840,-0.0876
2.844,-0.0747
2.848,-0.1207
2.852,-0.1334
2.856,-0.1617
2.860,-0.1808
2.864,-0.1795
2.868,-0.1213
2.872,-0.0193
2.876,0.1350
2.880,0.3487
2.884,0.5735
2.888,0.7962
2.892,1.0094
2.896,1.0735
2.900,1.0664
2.904,0.9014
2.908,0.6666
2.912,0.4002
2.916,0.1312
2.920,-0.0521
2.924,-0.1941
2.928,-0.2273
2.932,-0.2635
2.936,-0.2099
2.940,-0.1671
2.944,-0.1411
2.948,-0.0750
2.952,-0.0819
2.956,-0.0843
2.960,-0.0419
2.964,-0.0371
2.968,-0.0483
2.972,-0.0514
2.976,-0.0286
2.980,-0.0384
2.984,-0.0539
2.988,-0.0360
2.992,-0.0582
2.996,-0.0482
3.000,-0.0519
3.004,-0.0629
3.008,-0.0473
3.012,-0.0145
3.016,-0.0377
3.020,-0.0255
3.024,-0.0264
3.028,0.0053
3.032,0.0034
3.036,0.0188
3.040,0.0223
3.044,0.0213
3.048,0.0365
3.052,0.0722
3.056,0.0764
3.060,0.1021
3.064,0.0713
3.068,0.1396
3.072,0.1376
3.076,0.1868
3.080,0.1716
3.084,0.1945
3.088,0.2176
3.092,0.2135
3.096,0.2474
3.100,0.2403
3.104,0.2726
3.108,0.2736
3.112,0.2746
3.116,0.2620
3.120,0.2677
3.124,0.2709
3.128,0.2375
3.132,0.2476
3.136,0.2557
3.140,0.2175
3.144,0.2347
3.148,0.1970
3.152,0.1926
3.156,0.1584
3.160,0.1610
3.164,0.1436
3.168,0.1346
3.172,0.1206
3.176,0.1033
3.180,0.0754
3.184,0.0437
3.188,0.0609
3.192,0.0170
3.196,0.0162
3.200,0.0202
3.204,0.0077
3.208,0.0136
3.212,-0.0125
3.216,-0.0387
3.220,-0.0268
3.224,-0.0257
3.228,-0.0356
3.232,-0.0174
3.236,-0.0398
3.240,-0.0560
3.244,-0.0347
3.248,-0.0553
3.252,-0.0221
3.256,-0.0400
3.260,-0.0606
3.264,-0.0312
3.268,-0.0160
3.272,-0.0687
3.276,-0.0339
3.280,-0.0390
3.284,-0.0427
3.288,-0.0406
3.292,-0.0388
3.296,-0.0529
3.300,-0.0275
3.304,-0.0605
3.308,-0.0207
3.312,-0.0258
3.316,-0.0582
3.320,-0.0439
3.324,-0.0266
3.328,-0.0494
3.332,-0.0453
3.336,-0.0480
3.340,-0.0290
3.344,-0.0502
3.348,-0.0428
3.352,-0.0361
3.356,-0.0449
3.360,-0.0526
3.364,-0.0581
3.368,-0.0601
3.372,-0.0559
3.376,-0.0622
3.380,-0.0501
3.384,-0.0376
3.388,-0.0403
3.392,-0.0507
3.396,-0.0529
3.400,-0.0524
3.404,-0.0569
3.408,-0.0549
3.412,-0.0313
3.416,-0.0566
3.420,-0.0393
3.424,-0.0467
3.428,-0.0100
3.432,-0.0605
3.436,-0.0364
3.440,-0.0425
3.444,-0.0476
3.448,-0.0343
3.452,-0.0360
3.456,-0.0505
3.460,-0.0324
3.464,-0.0326
3.468,-0.0213
3.472,-0.0441
3.476,-0.0189
3.480,-0.0387
3.484,-0.0597
3.488,-0.0293
3.492,-0.0360
3.496,-0.0448
3.500,-0.0220
3.504,-0.0375
3.508,-0.0177
3.512,-0.0283
3.516,-0.0148
3.520,-0.0111
3.524,-0.0079
3.528,-0.0189
3.532,0.0129
3.536,0.0119
3.540,0.0465
3.544,0.0398
3.548,0.0549
3.552,0.0482
3.556,0.0631
3.560,0.0781
3.564,0.0697
3.568,0.0737
3.572,0.0875
3.576,0.0858
3.580,0.0843
3.584,0.0879
3.588,0.0604
3.592,0.0627
3.596,0.0415
3.600,0.0296
3.604,0.0243
3.608,-0.0134
3.612,0.0035
3.616,-0.0122
3.620,-0.0216
3.624,-0.0378
3.628,-0.0239
3.632,-0.0437
3.636,-0.0125
3.640,-0.0270
3.644,-0.0450
3.648,-0.0333
3.652,-0.0163
3.656,-0.0325
3.660,-0.0286
3.664,-0.0295
3.668,-0.0264
3.672,-0.0450
3.676,-0.0249
3.680,-0.0310
3.684,0.0108
3.688,-0.0288
3.692,-0.0365
3.696,-0.0299
3.700,-0.0631
3.704,-0.0866
3.708,-0.1321
3.712,-0.1264
3.716,-0.1529
3.720,-0.1058
3.724,-0.0187
3.728,0.0890
3.732,0.2668
3.736,0.4918
3.740,0.7331
3.744,0.9317
3.748,1.0929
3.752,1.1082
3.756,1.0096
3.760,0.8042
3.764,0.5633
3.768,0.3014
3.772,0.0858
3.776,-0.1106
3.780,-0.2133
3.784,-0.2429
3.788,-0.1916
3.792,-0.1832
3.796,-0.1176
3.800,-0.0784
3.804,-0.0221
3.808,-0.0390
3.812,-0.0055
3.816,0.0008
3.820,-0.0153
3.824,-0.0066
3.828,-0.0298
3.832,-0.0114
3.836,-0.0118
3.840,-0.0388
3.844,-0.0012
3.848,0.0001
3.852,-0.0222
3.856,-0.0160
3.860,-0.0047
3.864,0.0019
3.868,0.0093
3.872,0.0069
3.876,0.0126
3.880,0.0356
3.884,0.0345
3.888,0.0483
3.892,0.0572
3.896,0.0770
3.900,0.0824
3.904,0.1083
3.908,0.1140
3.912,0.1391
3.916,0.1598
3.920,0.1444
3.924,0.1904
3.928,0.2183
3.932,0.2026
3.936,0.2309
3.940,0.2432
3.944,0.2680
3.948,0.2828
3.952,0.2808
3.956,0.3149
3.960,0.2971
3.964,0.3116
3.968,0.3290
3.972,0.3412
3.976,0.3100
3.980,0.3215
3.984,0.3084
3.988,0.2781
3.992,0.2750
3.996,0.2596
4.000,0.2541
4.004,0.2400
4.008,0.2294
4.012,0.2278
4.016,0.2006
4.020,0.2105
4.024,0.1591
4.028,0.1553
4.032,0.1353
4.036,0.1338
4.040,0.0975
4.044,0.0996
4.048,0.0975
4.052,0.0589
4.056,0.0573
4.060,0.0561
4.064,0.0377
4.068,0.0262
4.072,0.0535
4.076,0.0243
4.080,0.0441
4.084,0.0142
4.088,0.0153
4.092,0.0254
4.096,0.0118
4.100,0.0023
4.104,0.0036
4.108,0.0148
4.112,0.0031
4.116,0.0119
4.120,-0.0164
4.124,0.0040
4.128,0.0086
4.132,0.0047
4.136,-0.0009
4.140,0.0006
4.144,0.0123
4.148,0.0295
4.152,-0.0049
4.156,0.0089
4.160,0.0242
4.164,0.0168
4.168,0.0119
4.172,0.0080
4.176,0.0138
4.180,0.0127
4.184,-0.0120
4.188,0.0060
4.192,-0.0085
4.196,0.0306
4.200,0.0253
4.204,0.0063
4.208,0.0257
4.212,0.0457
4.216,0.0092
4.220,0.0325
4.224,0.0216
4.228,0.0147
4.232,0.0045
4.236,0.0114
4.240,0.0137
4.244,-0.0091
4.248,0.0254
4.252,0.0154
4.256,0.0251
4.260,0.0148
4.264,0.0561
4.268,0.0005
4.272,0.0095
4.276,0.0295
4.280,0.0496
4.284,0.0097
4.288,0.0438
4.292,0.0111
4.296,0.0379
4.300,0.0236
4.304,0.0497
4.308,0.0446
4.312,0.0158
4.316,0.0590
4.320,0.0106
4.324,0.0206
4.328,0.0463
4.332,0.0161
4.336,0.0175
4.340,0.0270
4.344,0.0312
4.348,0.0307
4.352,0.0173
4.356,0.0290
4.360,0.0346
4.364,0.0453
4.368,0.0317
4.372,0.0133
4.376,0.0293
4.380,0.0225
4.384,0.0471
4.388,0.0130
4.392,0.0422
4.396,0.0260
4.400,0.0583
4.404,0.0577
4.408,0.0578
4.412,0.0693
4.416,0.0685
4.420,0.0912
4.424,0.0940
4.428,0.1152
4.432,0.1188
4.436,0.0993
4.440,0.1323
4.444,0.1641
4.448,0.1681
4.452,0.1538
4.456,0.1499
4.460,0.1433
4.464,0.1481
4.468,0.1386
4.472,0.1096
4.476,0.1181
4.480,0.1135
4.484,0.0763
4.488,0.0754
4.492,0.0742
4.496,0.0696
4.500,0.0495
4.504,0.0432
4.508,0.0401
4.512,0.0475
4.516,0.0460
4.520,0.0392
4.524,0.0222
4.528,0.0250
4.532,0.0455
4.536,0.0231
4.540,0.0405
4.544,0.0335
4.548,0.0308
4.552,0.0385
4.556,0.0584
4.560,0.0419
4.564,0.0346
4.568,0.0192
4.572,0.0393
4.576,0.0380
4.580,0.0147
4.584,-0.0049
4.588,-0.0452
4.592,-0.0939
4.596,-0.0870
4.600,-0.0559
4.604,0.0120
4.608,0.1090
4.612,0.2746
4.616,0.4868
4.620,0.7350
4.624,0.9624
4.628,1.1295
4.632,1.1904
4.636,1.1071
4.640,0.9245
4.644,0.6834
4.648,0.4264
4.652,0.1769
4.656,-0.0047
4.660,-0.1424
4.664,-0.1868
4.668,-0.1469
4.672,-0.1196
4.676,-0.0837
4.680,-0.0120
4.684,0.0127
4.688,0.0642
4.692,0.0535
4.696,0.0471
4.700,0.0431
4.704,0.0487
4.708,0.0455
4.712,0.0302
4.716,0.0595
4.720,0.0528
4.724,0.0179
4.728,0.0450
4.732,0.0448
4.736,0.0690
4.740,0.0597
4.744,0.0817
4.748,0.0490
4.752,0.0602
4.756,0.0918
4.760,0.0779
4.764,0.0809
4.768,0.0961
4.772,0.1032
4.776,0.1299
4.780,0.1490
4.784,0.1298
4.788,0.1596
4.792,0.1785
4.796,0.1954
4.800,0.2211
4.804,0.2296
4.808,0.2385
4.812,0.2494
4.816,0.2578
4.820,0.2915
4.824,0.3114
4.828,0.3363
4.832,0.3332
4.836,0.3763
4.840,0.3561
4.844,0.3575
4.848,0.3718
4.852,0.3570
4.856,0.3701
4.860,0.3392
4.864,0.3661
4.868,0.3505
4.872,0.3419
4.876,0.3290
4.880,0.2981
4.884,0.2875
4.888,0.3010
4.892,0.2714
4.896,0.2412
4.900,0.2362
4.904,0.2191
4.908,0.2211
4.912,0.1950
4.916,0.1714
4.920,0.1469
4.924,0.1605
4.928,0.1258
4.932,0.1056
4.936,0.0915
4.940,0.0870
4.944,0.0853
4.948,0.0921
4.952,0.0881
4.956,0.0860
4.960,0.0698
4.964,0.0745
4.968,0.0887
4.972,0.0701
4.976,0.0764
4.980,0.0375
4.984,0.0455
4.988,0.0443
4.992,0.0204
4.996,0.0528
5.000,0.0682
5.004,0.0447
5.008,0.0531
5.012,0.0403
5.016,0.0445
5.020,0.0537
5.024,0.0358
5.028,0.0642
5.032,0.0270
5.036,0.0539
5.040,0.0441
5.044,0.0678
5.048,0.0590
5.052,0.0248
5.056,0.0207
5.060,0.0378
5.064,0.0437
5.068,0.0475
5.072,0.0500
5.076,0.0577
5.080,0.0332
5.084,0.0280
5.088,0.0526
5.092,0.0451
5.096,0.0482
5.100,0.0417
5.104,0.0473
5.108,0.0671
5.112,0.0297
5.116,0.0345
5.120,0.0568
5.124,0.0679
5.128,0.0465
5.132,0.0338
5.136,0.0248
5.140,0.0519
5.144,0.0337
5.148,0.0748
5.152,0.0767
5.156,0.0512
5.160,0.0543
5.164,0.0469
5.168,0.0620
5.172,0.0482
5.176,0.0489
5.180,0.0644
5.184,0.0555
5.188,0.0736
5.192,0.0284
5.196,0.0415
5.200,0.0376
5.204,0.0590
5.208,0.0437
5.212,0.0580
5.216,0.0385
5.220,0.0538
5.224,0.0858
5.228,0.0823
5.232,0.0457
5.236,0.0796
5.240,0.0935
5.244,0.0872
5.248,0.0905
5.252,0.1230
5.256,0.1278
5.260,0.1442
5.264,0.1457
5.268,0.1838
5.272,0.1508
5.276,0.1589
5.280,0.1712
5.284,0.1708
5.288,0.1398
5.292,0.1637
5.296,0.1207
5.300,0.1270
5.304,0.1115
5.308,0.0951
5.312,0.1062
5.316,0.0544
5.320,0.0650
5.324,0.0554
5.328,0.0707
5.332,0.0739
5.336,0.0609
5.340,0.0655
5.344,0.0200
5.348,0.0471
5.352,0.0275
5.356,0.0388
5.360,0.0457
5.364,0.0435
5.368,0.0586
5.372,0.0181
5.376,0.0316
5.380,0.0236
5.384,0.0215
5.388,0.0528
5.392,0.0420
5.396,0.0560
5.400,0.0455
5.404,0.0195
5.408,-0.0146
5.412,-0.0213
5.416,-0.0734
5.420,-0.1003
5.424,-0.0950
5.428,-0.0378
5.432,0.0616
5.436,0.1803
5.440,0.3766
5.444,0.5867
5.448,0.8201
5.452,1.0680
5.456,1.1841
5.460,1.1695
5.464,1.0340
5.468,0.8035
5.472,0.5595
5.476,0.2890
5.480,0.0795
5.484,-0.0746
5.488,-0.1545
5.492,-0.1644
5.496,-0.1483
5.500,-0.1128
5.504,-0.0637
5.508,-0.0081
5.512,-0.0025
5.516,0.0330
5.520,0.0395
5.524,0.0331
5.528,0.0252
5.532,0.0137
5.536,0.0219
5.540,0.0164
5.544,0.0369
5.548,0.0321
5.552,0.0275
5.556,0.0505
5.560,0.0435
5.564,0.0449
5.568,0.0539
5.572,0.0632
5.576,0.0358
5.580,0.0685
5.584,0.0443
5.588,0.0633
5.592,0.0929
5.596,0.0980
5.600,0.1077
5.604,0.1131
5.608,0.1402
5.612,0.1181
5.616,0.1473
5.620,0.1668
5.624,0.2067
5.628,0.2111
5.632,0.2281
5.636,0.2235
5.640,0.2764
5.644,0.2714
5.648,0.2692
5.652,0.3238
5.656,0.2915
5.660,0.3096
5.664,0.3266
5.668,0.3248
5.672,0.3478
5.676,0.3473
5.680,0.3452
5.684,0.3640
5.688,0.3166
5.692,0.3452
5.696,0.3093
5.700,0.3252
5.704,0.3172
5.708,0.3072
5.712,0.2614
5.716,0.2330
5.720,0.2336
5.724,0.2116
5.728,0.1736
5.732,0.1864
5.736,0.1498
5.740,0.1623
5.744,0.1415
5.748,0.1124
5.752,0.1032
5.756,0.0879
5.760,0.0746
5.764,0.1075
5.768,0.0505
5.772,0.0549
5.776,0.0595
5.780,0.0373
5.784,0.0294
5.788,0.0168
5.792,0.0435
5.796,0.0348
5.800,0.0294
5.804,0.0035
5.808,0.0259
5.812,0.0219
5.816,0.0132
5.820,-0.0003
5.824,0.0147
5.828,0.0042
5.832,0.0149
5.836,0.0142
5.840,0.0089
5.844,0.0231
5.848,0.0113
5.852,0.0181
5.856,0.0164
5.860,0.0231
5.864,-0.0009
5.868,0.0062
5.872,0.0211
5.876,0.0115
5.880,0.0229
5.884,0.0180
5.888,0.0034
5.892,0.0190
5.896,0.0050
5.900,0.0193
5.904,0.0298
5.908,0.0203
5.912,0.0344
5.916,-0.0120
5.920,-0.0003
5.924,0.0028
5.928,0.0008
5.932,0.0098
5.936,0.0006
5.940,0.0180
5.944,0.0162
5.948,0.0090
5.952,-0.0084
5.956,0.0100
5.960,0.0112
5.964,0.0071
5.968,0.0029
5.972,0.0190
5.976,-0.0046
5.980,-0.0027
5.984,0.0095
5.988,0.0077
5.992,0.0115
5.996,-0.0021
6.000,-0.0142
6.004,-0.0126
6.008,-0.0019
6.012,0.0144
6.016,0.0168
6.020,-0.0112
6.024,0.0215
6.028,0.0197
6.032,0.0153
6.036,0.0625
6.040,0.0490
6.044,0.0664
6.048,0.0985
6.052,0.0719
6.056,0.0848
6.060,0.1169
6.064,0.0910
6.068,0.1127
6.072,0.1147
6.076,0.1251
6.080,0.1146
6.084,0.0923
6.088,0.1061
6.092,0.0941
6.096,0.0598
6.100,0.0523
6.104,0.0425
6.108,0.0240
6.112,0.0406
6.116,0.0153
6.120,0.0085
6.124,-0.0066
6.128,-0.0036
6.132,0.0153
6.136,0.0036
6.140,-0.0268
6.144,-0.0208
6.148,-0.0025
6.152,-0.0169
6.156,-0.0183
6.160,-0.0225
6.164,-0.0285
6.168,-0.0118
6.172,-0.0179
6.176,0.0000
6.180,-0.0148
6.184,-0.0262
6.188,-0.0076
6.192,-0.0029
6.196,-0.0352
6.200,-0.0612
6.204,-0.0704
6.208,-0.1123
6.212,-0.1073
6.216,-0.1603
6.220,-0.1357
6.224,-0.0634
6.228,0.0249
6.232,0.1519
6.236,0.3408
6.240,0.5779
6.244,0.8148
6.248,1.0322
6.252,1.1156
6.256,1.0778
6.260,0.9581
6.264,0.7227
6.268,0.4365
6.272,0.1926
6.276,-0.0214
6.280,-0.1737
6.284,-0.2270
6.288,-0.2469
6.292,-0.2081
6.296,-0.1621
6.300,-0.0987
6.304,-0.0641
6.308,-0.0595
6.312,-0.0427
6.316,-0.0263
6.320,-0.0186
6.324,-0.0225
6.328,-0.0495
6.332,-0.0072
6.336,-0.0009
6.340,-0.0025
6.344,-0.0141
6.348,-0.0114
6.352,-0.0257
6.356,-0.0137
6.360,-0.0270
6.364,-0.0090
6.368,-0.0240
6.372,0.0046
6.376,-0.0015
6.380,0.0181
6.384,0.0182
6.388,0.0186
6.392,0.0434
6.396,0.0295
6.400,0.0518
6.404,0.0611
6.408,0.0901
6.412,0.0948
6.416,0.1144
6.420,0.1336
6.424,0.1158
6.428,0.1498
6.432,0.1793
6.436,0.2068
6.440,0.2177
6.444,0.2418
6.448,0.2376
6.452,0.2542
6.456,0.2579
6.460,0.2677
6.464,0.2697
6.468,0.2776
6.472,0.2838
6.476,0.2777
6.480,0.2827
6.484,0.2551
6.488,0.2742
6.492,0.2612
6.496,0.2525
6.500,0.2280
6.504,0.2125
6.508,0.2144
6.512,0.1839
6.516,0.1923
6.520,0.1342
6.524,0.1307
6.528,0.1032
6.532,0.0908
6.536,0.0751
6.540,0.0640
6.544,0.0654
6.548,0.0296
6.552,0.0390
6.556,0.0039
6.560,0.0070
6.564,0.0194
6.568,0.0019
6.572,-0.0067
6.576,-0.0079
6.580,-0.0132
6.584,-0.0165
6.588,-0.0105
6.592,-0.0426
6.596,-0.0333
6.600,-0.0267
6.604,-0.0269
6.608,-0.0305
6.612,-0.0225
6.616,-0.0451
6.620,-0.0560
6.624,-0.0251
6.628,-0.0408
6.632,-0.0478
6.636,-0.0411
6.640,-0.0471
6.644,-0.0301
6.648,-0.0317
6.652,-0.0389
6.656,-0.0363
6.660,-0.0426
6.664,-0.0308
6.668,-0.0717
6.672,-0.0575
6.676,-0.0441
6.680,-0.0488
6.684,-0.0554
6.688,-0.0367
6.692,-0.0560
6.696,-0.0418
6.700,-0.0431
6.704,-0.0440
6.708,-0.0548
6.712,-0.0473
6.716,-0.0304
6.720,-0.0387
6.724,-0.0338
6.728,-0.0465
6.732,-0.0661
6.736,-0.0514
6.740,-0.0477
6.744,-0.0304
6.748,-0.0325
6.752,-0.0412
6.756,-0.0567
6.760,-0.0449
6.764,-0.0497
6.768,-0.0496
6.772,-0.0616
6.776,-0.0414
6.780,-0.0474
6.784,-0.0375
6.788,-0.0648
6.792,-0.0608
6.796,-0.0036
6.800,-0.0580
6.804,-0.0440
6.808,-0.0422
6.812,-0.0591
6.816,-0.0263
6.820,-0.0473
6.824,-0.0439
6.828,-0.0227
6.832,-0.0522
6.836,-0.0460
6.840,-0.0408
6.844,-0.0486
6.848,-0.0231
6.852,-0.0135
6.856,-0.0085
6.860,0.0069
6.864,0.0202
6.868,0.0253
6.872,0.0298
6.876,0.0584
6.880,0.0453
6.884,0.0785
6.888,0.0651
6.892,0.0795
6.896,0.0922
6.900,0.0399
6.904,0.0589
6.908,0.0481
6.912,0.0633
6.916,0.0268
6.920,0.0528
6.924,-0.0098
6.928,0.0019
6.932,-0.0167
6.936,-0.0146
6.940,-0.0346
6.944,-0.0391
6.948,-0.0602
6.952,-0.0405
6.956,-0.0624
6.960,-0.0620
6.964,-0.0465
6.968,-0.0499
6.972,-0.0367
6.976,-0.0657
6.980,-0.0446
6.984,-0.0459
6.988,-0.0535
6.992,-0.0596
6.996,-0.0509
7.000,-0.0394
7.004,-0.0548
7.008,-0.0410
7.012,-0.0570
7.016,-0.0394
7.020,-0.0730
7.024,-0.0979
7.028,-0.1457
7.032,-0.1747
7.036,-0.1717
7.040,-0.1706
7.044,-0.1181
7.048,-0.0390
7.052,0.1059
7.056,0.2875
7.060,0.5256
7.064,0.7587
7.068,0.9879
7.072,1.0732
7.076,1.0864
7.080,0.9254
7.084,0.7041
7.088,0.4301
7.092,0.1960
7.096,-0.0257
7.100,-0.1741
7.104,-0.2468
7.108,-0.2752
7.112,-0.2157
7.116,-0.1666
7.120,-0.1344
7.124,-0.0957
7.128,-0.0635
7.132,-0.0601
7.136,-0.0541
7.140,-0.0549
7.144,-0.0520
7.148,-0.0528
7.152,-0.0376
7.156,-0.0495
7.160,-0.0497
7.164,-0.0509
7.168,-0.0599
7.172,-0.0213
7.176,-0.0317
7.180,-0.0246
7.184,-0.0381
7.188,-0.0103
7.192,-0.0214
7.196,-0.0002
7.200,-0.0115
7.204,-0.0045
7.208,-0.0020
7.212,0.0147
7.216,0.0270
7.220,0.0539
7.224,0.0673
7.228,0.0637
7.232,0.0921
7.236,0.0606
7.240,0.1040
7.244,0.1296
7.248,0.1545
7.252,0.1663
7.256,0.1777
7.260,0.1895
7.264,0.2012
7.268,0.2483
7.272,0.2522
7.276,0.2659
7.280,0.2599
7.284,0.2608
7.288,0.2789
7.292,0.2746
7.296,0.2734
7.300,0.2722
7.304,0.2601
7.308,0.2500
7.312,0.2481
7.316,0.2231
7.320,0.2339
7.324,0.2223
7.328,0.1875
7.332,0.1584
7.336,0.1682
7.340,0.1492
7.344,0.1296
7.348,0.0967
7.352,0.0735
7.356,0.1017
7.360,0.0640
7.364,0.0592
7.368,0.0398
7.372,0.0343
7.376,0.0038
7.380,0.0046
7.384,-0.0143
7.388,-0.0181
7.392,-0.0196
7.396,-0.0379
7.400,-0.0261
7.404,-0.0327
7.408,-0.0414
7.412,-0.0313
7.416,-0.0318
7.420,-0.0432
7.424,-0.0103
7.428,-0.0267
7.432,-0.0226
7.436,-0.0405
7.440,-0.0262
7.444,-0.0279
7.448,-0.0494
7.452,-0.0454
7.456,-0.0022
7.460,-0.0421
7.464,-0.0312
7.468,-0.0395
7.472,-0.0268
7.476,-0.0485
7.480,-0.0485
7.484,-0.0226
7.488,-0.0336
7.492,-0.0655
7.496,-0.0353
7.500,-0.0375
7.504,-0.0266
7.508,-0.0311
7.512,-0.0306
7.516,-0.0334
7.520,-0.0307
7.524,-0.0478
7.528,-0.0435
7.532,-0.0438
7.536,-0.0494
7.540,-0.0236
7.544,-0.0199
7.548,-0.0252
7.552,-0.0396
7.556,-0.0386
7.560,-0.0371
7.564,-0.0183
7.568,-0.0251
7.572,-0.0103
7.576,-0.0425
7.580,-0.0334
7.584,-0.0455
7.588,-0.0472
7.592,-0.0318
7.596,-0.0337
7.600,-0.0355
7.604,-0.0476
7.608,-0.0265
7.612,-0.0320
7.616,-0.0174
7.620,-0.0215
7.624,-0.0436
7.628,-0.0228
7.632,-0.0345
7.636,-0.0086
7.640,-0.0271
7.644,-0.0324
7.648,-0.0309
7.652,-0.0436
7.656,-0.0098
7.660,0.0011
7.664,-0.0442
7.668,-0.0251
7.672,-0.0217
7.676,-0.0251
7.680,-0.0002
7.684,0.0043
7.688,-0.0083
7.692,0.0261
7.696,0.0095
7.700,0.0155
7.704,0.0322
7.708,0.0313
7.712,0.0696
7.716,0.0713
7.720,0.0707
7.724,0.0825
7.728,0.0815
7.732,0.1007
7.736,0.0843
7.740,0.0991
7.744,0.0891
7.748,0.0957
7.752,0.0928
7.756,0.0795
7.760,0.0575
7.764,0.0392
7.768,0.0331
7.772,0.0263
7.776,0.0233
7.780,0.0028
7.784,-0.0084
7.788,0.0002
7.792,0.0106
7.796,0.0138
7.800,-0.0011
7.804,-0.0239
7.808,0.0041
7.812,-0.0234
7.816,-0.0227
7.820,-0.0084
7.824,-0.0299
7.828,-0.0036
7.832,-0.0136
7.836,-0.0079
7.840,-0.0223
7.844,-0.0021
7.848,-0.0062
7.852,-0.0176
7.856,-0.0052
7.860,-0.0564
7.864,-0.0360
7.868,-0.0669
7.872,-0.1067
7.876,-0.1235
7.880,-0.1306
7.884,-0.1251
7.888,-0.0569
7.892,0.0504
7.896,0.2108
7.900,0.4233
7.904,0.6385
7.908,0.8937
7.912,1.0431
7.916,1.1400
7.920,1.0641
7.924,0.9150
7.928,0.6750
7.932,0.4196
7.936,0.1493
7.940,-0.0510
7.944,-0.1505
7.948,-0.2141
7.952,-0.2093
7.956,-0.1605
7.960,-0.1072
7.964,-0.0944
7.968,-0.0391
7.972,-0.0193
7.976,-0.0212
7.980,-0.0228
7.984,-0.0018
7.988,-0.0053
7.992,-0.0075
7.996,0.0005
8.000,-0.0010
8.004,0.0047
8.008,0.0249
8.012,0.0075
8.016,0.0326
8.020,0.0277
8.024,0.0275
8.028,0.0109
8.032,0.0205
8.036,0.0181
8.040,0.0401
8.044,0.0412
8.048,0.0551
8.052,0.0624
8.056,0.0708
8.060,0.0756
8.064,0.0805
8.068,0.1002
8.072,0.1285
8.076,0.1332
8.080,0.1507
8.084,0.1786
8.088,0.1914
8.092,0.1854
8.096,0.2196
8.100,0.2273
8.104,0.2537
8.108,0.2746
8.112,0.2905
8.116,0.3172
8.120,0.3023
8.124,0.3139
8.128,0.3311
8.132,0.3402
8.136,0.3182
8.140,0.3382
8.144,0.3349
8.148,0.3196
8.152,0.3102
8.156,0.3125
8.160,0.2971
8.164,0.2834
8.168,0.2551
8.172,0.2275
8.176,0.2306
8.180,0.2117
8.184,0.2035
8.188,0.1720
8.192,0.1724
8.196,0.1539
8.200,0.1251
8.204,0.1313
8.208,0.1028
8.212,0.0866
8.216,0.0871
8.220,0.0742
8.224,0.0549
8.228,0.0656
8.232,0.0515
8.236,0.0369
8.240,0.0202
8.244,0.0424
8.248,0.0351
8.252,0.0326
8.256,0.0456
8.260,-0.0026
8.264,0.0412
8.268,0.0413
8.272,0.0124
8.276,0.0358
8.280,0.0135
8.284,0.0106
8.288,0.0218
8.292,0.0449
8.296,0.0274
8.300,0.0237
8.304,0.0339
8.308,0.0160
8.312,0.0417
8.316,0.0428
8.320,0.0293
8.324,0.0150
8.328,0.0375
8.332,0.0285
8.336,0.0329
8.340,0.0391
8.344,0.0310
8.348,0.0152
8.352,0.0441
8.356,0.0299
8.360,0.0307
8.364,0.0344
8.368,0.0311
8.372,0.0366
8.376,0.0302
8.380,0.0260
8.384,0.0218
8.388,0.0225
8.392,0.0254
8.396,0.0410
8.400,0.0253
8.404,0.0283
8.408,0.0287
8.412,0.0366
8.416,0.0382
8.420,0.0543
8.424,0.0142
8.428,0.0284
8.432,0.0383
8.436,0.0114
8.440,0.0528
8.444,0.0307
8.448,0.0228
8.452,0.0442
8.456,0.0065
8.460,0.0356
8.464,0.0214
8.468,0.0334
8.472,0.0383
8.476,0.0435
8.480,0.0392
8.484,0.0595
8.488,0.0354
8.492,0.0308
8.496,0.0499
8.500,0.0346
8.504,0.0407
8.508,-0.0112
8.512,0.0418
8.516,0.0359
8.520,0.0322
8.524,0.0304
8.528,0.0503
8.532,0.0166
8.536,0.0811
8.540,0.0601
8.544,0.0546
8.548,0.0780
8.552,0.0648
8.556,0.0584
8.560,0.0904
8.564,0.0687
8.568,0.1067
8.572,0.1256
8.576,0.1294
8.580,0.1167
8.584,0.1465
8.588,0.1505
8.592,0.1486
8.596,0.1324
8.600,0.1455
8.604,0.1503
8.608,0.1637
8.612,0.1749
8.616,0.1420
8.620,0.1112
8.624,0.1042
8.628,0.1110
8.632,0.0949
8.636,0.0828
8.640,0.0729
8.644,0.0777
8.648,0.0847
8.652,0.0537
8.656,0.0524
8.660,0.0542
8.664,0.0410
8.668,0.0192
8.672,0.0508
8.676,0.0357
8.680,0.0601
8.684,0.0464
8.688,0.0622
8.692,0.0341
8.696,0.0580
8.700,0.0250
8.704,0.0559
8.708,0.0416
8.712,0.0548
8.716,0.0363
8.720,0.0416
8.724,0.0250
8.728,-0.0004
8.732,-0.0310
8.736,-0.0461
8.740,-0.0881
8.744,-0.0502
8.748,-0.0177
8.752,0.0996
8.756,0.2601
8.760,0.4175
8.764,0.6330
8.768,0.8980
8.772,1.0807
8.776,1.1796
8.780,1.1514
8.784,0.9953
8.788,0.7798
8.792,0.5051
8.796,0.2521
8.800,0.0645
8.804,-0.1052
8.808,-0.1885
8.812,-0.1382
8.816,-0.1248
8.820,-0.0781
8.824,-0.0511
8.828,-0.0098
8.832,0.0371
8.836,0.0390
8.840,0.0203
8.844,0.0373
8.848,0.0622
8.852,0.0657
8.856,0.0536
8.860,0.0859
8.864,0.0652
8.868,0.0758
8.872,0.0716
8.876,0.0675
8.880,0.0438
8.884,0.0435
8.888,0.0571
8.892,0.0732
8.896,0.0748
8.900,0.0849
8.904,0.0866
8.908,0.1000
8.912,0.1146
8.916,0.1124
8.920,0.1195
8.924,0.1033
8.928,0.1581
8.932,0.1523
8.936,0.1656
8.940,0.2027
8.944,0.2197
8.948,0.2338
8.952,0.2543
8.956,0.2470
8.960,0.2744
8.964,0.2869
8.968,0.3298
8.972,0.3337
8.976,0.3333
8.980,0.3574
8.984,0.3609
8.988,0.3619
8.992,0.3734
8.996,0.3801
9.000,0.3677
9.004,0.3514
9.008,0.3652
9.012,0.3501
9.016,0.3296
9.020,0.3223
9.024,0.3151
9.028,0.3036
9.032,0.2941
9.036,0.2682
9.040,0.2591
9.044,0.2319
9.048,0.2258
9.052,0.2073
9.056,0.1931
9.060,0.1880
9.064,0.1528
9.068,0.1236
9.072,0.1293
9.076,0.1285
9.080,0.1089
9.084,0.1033
9.088,0.0707
9.092,0.0743
9.096,0.0847
9.100,0.0823
9.104,0.0595
9.108,0.0692
9.112,0.0531
9.116,0.0452
9.120,0.0577
9.124,0.0577
9.128,0.0584
9.132,0.0613
9.136,0.0717
9.140,0.0623
9.144,0.0460
9.148,0.0611
9.152,0.0318
9.156,0.0503
9.160,0.0615
9.164,0.0568
9.168,0.0584
9.172,0.0713
9.176,0.0393
9.180,0.0576
9.184,0.0469
9.188,0.0613
9.192,0.0492
9.196,0.0571
9.200,0.0661
9.204,0.0550
9.208,0.0448
9.212,0.0428
9.216,0.0388
9.220,0.0595
9.224,0.0627
9.228,0.0439
9.232,0.0250
9.236,0.0390
9.240,0.0517
9.244,0.0350
9.248,0.0228
9.252,0.0408
9.256,0.0215
9.260,0.0498
9.264,0.0409
9.268,0.0464
9.272,0.0611
9.276,0.0345
9.280,0.0195
9.284,0.0448
9.288,0.0506
9.292,0.0277
9.296,0.0403
9.300,0.0404
9.304,0.0447
9.308,0.0369
9.312,0.0761
9.316,0.0408
9.320,0.0461
9.324,0.0379
9.328,0.0118
9.332,0.0600
9.336,0.0054
9.340,0.0595
9.344,0.0274
9.348,0.0270
9.352,0.0423
9.356,0.0704
9.360,0.0486
9.364,0.0437
9.368,0.0386
9.372,0.0582
9.376,0.0495
9.380,0.0672
9.384,0.0410
9.388,0.0781
9.392,0.0842
9.396,0.0739
9.400,0.0886
9.404,0.1106
9.408,0.1179
9.412,0.1380
9.416,0.1268
9.420,0.1410
9.424,0.1821
9.428,0.1489
9.432,0.1531
9.436,0.1523
9.440,0.1445
9.444,0.1536
9.448,0.1218
9.452,0.1274
9.456,0.0951
9.460,0.1030
9.464,0.0803
9.468,0.0710
9.472,0.0636
9.476,0.0641
9.480,0.0374
9.484,0.0355
9.488,0.0680
9.492,0.0470
9.496,0.0346
9.500,0.0452
9.504,0.0358
9.508,0.0087
9.512,0.0371
9.516,0.0333
9.520,0.0386
9.524,0.0248
9.528,0.0312
9.532,0.0472
9.536,0.0314
9.540,0.0275
9.544,0.0358
9.548,0.0234
9.552,0.0333
9.556,0.0035
9.560,-0.0144
9.564,-0.0588
9.568,-0.0958
9.572,-0.0874
9.576,-0.0789
9.580,-0.0210
9.584,0.0785
9.588,0.1988
9.592,0.4127
9.596,0.6187
9.600,0.8857
9.604,1.0588
9.608,1.1736
9.612,1.1453
9.616,0.9757
9.620,0.7422
9.624,0.4857
9.628,0.1976
9.632,0.0236
9.636,-0.1155
9.640,-0.1682
9.644,-0.2035
9.648,-0.1493
9.652,-0.0860
9.656,-0.0354
9.660,-0.0254
9.664,0.0024
9.668,0.0394
9.672,0.0054
9.676,0.0238
9.680,0.0273
9.684,0.0276
9.688,0.0146
9.692,0.0379
9.696,0.0376
9.700,0.0497
9.704,0.0196
9.708,0.0249
9.712,0.0458
9.716,0.0569
9.720,0.0380
9.724,0.0235
9.728,0.0436
9.732,0.0630
9.736,0.0657
9.740,0.0780
9.744,0.0959
9.748,0.0769
9.752,0.0815
9.756,0.0894
9.760,0.1149
9.764,0.1423
9.768,0.1654
9.772,0.1627
9.776,0.1764
9.780,0.1912
9.784,0.2245
9.788,0.2175
9.792,0.2421
9.796,0.2585
9.800,0.2743
9.804,0.3103
9.808,0.2905
9.812,0.3414
9.816,0.3129
9.820,0.3174
9.824,0.3236
9.828,0.3410
9.832,0.3323
9.836,0.3426
9.840,0.3135
9.844,0.2953
9.848,0.3007
9.852,0.2964
9.856,0.2617
9.860,0.2629
9.864,0.2544
9.868,0.2214
9.872,0.2038
9.876,0.1830
9.880,0.1770
9.884,0.1671
9.888,0.1781
9.892,0.1434
9.896,0.0994
9.900,0.0823
9.904,0.0867
9.908,0.0952
9.912,0.0737
9.916,0.0501
9.920,0.0601
9.924,0.0573
9.928,0.0520
9.932,0.0161
9.936,0.0294
9.940,0.0048
9.944,0.0071
9.948,-0.0014
9.952,0.0084
9.956,-0.0077
9.960,0.0171
9.964,0.0063
9.968,-0.0051
9.972,0.0101
9.976,0.0218
9.980,0.0069
9.984,-0.0049
9.988,-0.0018
9.992,-0.0002
9.996,-0.0078
